,name,shap_method,feat_import,feature_pos,unpriv_value,priv_value
0,pnad_raca_rf_orig,tree,0.02230704951191797,1,-0.01882937070792891,0.026270160048924483
1,pnad_raca_rf_orig,kernel,0.02011530137055758,1,-0.012512549449003691,0.028893312731027535
2,pnad_raca_lr_rw,linear,0.10775624511318144,14,0.09283708982559977,-0.1253132604827045
3,pnad_raca_lr_rw,kernel,0.0278722288935206,3,0.02077495677185738,-0.036305092705474905
4,pnad_raca_gb_orig,tree,0.15325787483795525,3,-0.13335386760189194,0.17685049952755455
5,pnad_raca_gb_orig,kernel,0.015413953071926523,2,-0.012312182198635904,0.019028571727865616
6,pnad_raca_lr_orig,linear,0.32846054672609665,1,-0.28534548036455815,0.3796891704335702
7,pnad_raca_lr_orig,kernel,0.01676337142070704,4,-0.012401790020717016,0.02194573181500589
8,pnad_raca_svm_orig,kernel,0.013410394889002733,6,-0.012446879988553313,0.014512868280510724
